{"is_source_file": true, "format": "JavaScript / ECMAScript Module (MJS)", "description": "ESLint configuration file defining linting rules, plugin integrations, and parser options for a JavaScript/React project.", "external_files": ["@eslint/js", "eslint-plugin-react"], "external_methods": [], "published": [], "classes": [], "methods": [], "calls": ["pluginJs", "pluginReact", "pluginJs.configs.recommended"], "search-terms": ["eslint.config.mjs", "ESLint configuration", "JavaScript linter settings", "react plugin", "module exports"], "state": 2, "file_id": 3, "knowledge_revision": 21, "git_revision": "d75b1925f62c2b72790a1bdadbff0ed929a08696", "hash": "be6538e7523bc2e9da0743133d784136", "format-version": 4, "code-base-name": "frontend_app", "filename": "frontend_app/eslint.config.mjs", "revision_history": [{"21": "d75b1925f62c2b72790a1bdadbff0ed929a08696"}]}