{"is_source_file": true, "format": "HTML", "description": "This is an HTML template file used as the entry point for a frontend web application, likely built with React or a similar framework. It contains meta tags, links to external resources such as fonts and manifest files, and a root div for rendering the app.", "external_files": ["%PUBLIC_URL%/favicon.ico", "%PUBLIC_URL%/logo192.png", "%PUBLIC_URL%/manifest.json"], "external_methods": [], "published": [], "classes": [], "methods": [], "calls": [], "search-terms": ["index.html", "HTML template", "public folder", "React", "entry point", "root div"], "state": 2, "file_id": 1, "knowledge_revision": 20, "git_revision": "d75b1925f62c2b72790a1bdadbff0ed929a08696", "hash": "d2b40d02d5f7873d8a6713bad837edd4", "format-version": 4, "code-base-name": "frontend_app", "filename": "frontend_app/public/index.html", "revision_history": [{"20": "d75b1925f62c2b72790a1bdadbff0ed929a08696"}]}