{"is_source_file": true, "format": "JavaScript (React JSX)", "description": "This file defines a React functional component named 'App' that manages a theme toggle (light/dark) using React hooks, and renders UI elements including a button, logo, informational text, and a link.", "external_files": ["./logo.svg", "./App.css"], "external_methods": ["useState", "useEffect"], "published": ["App"], "classes": [], "methods": [{"name": "App()", "description": "Main functional component that manages theme state and renders the application UI.", "scope": "", "scopeKind": ""}, {"name": "toggleTheme", "description": "Function to toggle the theme between 'light' and 'dark'."}], "calls": ["React.useState", "React.useEffect", "document.documentElement.setAttribute", "setTheme", "prevTheme => prevTheme === 'light' ? 'dark' : 'light'"], "search-terms": ["React theme toggle", "useState hook", "useEffect hook", "App component", "toggleTheme function", "CSS class App"], "state": 2, "file_id": 12, "knowledge_revision": 25, "git_revision": "d75b1925f62c2b72790a1bdadbff0ed929a08696", "ctags": [{"_type": "tag", "name": "App", "path": "/home/kavia/workspace/code-generation/knowledge-base-explorer-309823-309832/frontend_app/src/App.js", "pattern": "/^function App() {$/", "language": "JavaScript", "kind": "function", "signature": "()"}, {"_type": "tag", "name": "Switch to ${theme === 'light' ? 'dark' : 'light'} mode", "path": "/home/kavia/workspace/code-generation/knowledge-base-explorer-309823-309832/frontend_app/src/App.js", "pattern": "/^          aria-label={`Switch to ${theme === 'light' ? 'dark' : 'light'} mode`}$/", "language": "JavaScript", "kind": "field", "scope": "App.aria", "scopeKind": "class"}, {"_type": "tag", "name": "toggleTheme", "path": "/home/kavia/workspace/code-generation/knowledge-base-explorer-309823-309832/frontend_app/src/App.js", "pattern": "/^          onClick={toggleTheme}$/", "language": "JavaScript", "kind": "field", "scope": "App.onClick", "scopeKind": "class"}], "hash": "b55dd9e6a018e59207d8e277dffd9e11", "format-version": 4, "code-base-name": "frontend_app", "filename": "frontend_app/src/App.js", "fields": [{"name": "aria-label={`Switch to ${theme === 'light' ? 'dark' : 'light'} mode`}", "scope": "App.aria", "scopeKind": "class", "description": "unavailable"}, {"name": "onClick={toggleTheme}", "scope": "App.onClick", "scopeKind": "class", "description": "unavailable"}], "revision_history": [{"25": "d75b1925f62c2b72790a1bdadbff0ed929a08696"}]}