{"is_source_file": true, "format": "JavaScript", "description": "This file is the entry point for a React application, setting up the root rendering of the main App component into the DOM.", "external_files": ["react", "react-dom/client", "./index.css", "./App"], "external_methods": ["ReactDOM.createRoot", "ReactDOM.render"], "published": [], "classes": [], "methods": [{"name": "root.render", "description": "Renders the React component tree into the DOM element with id 'root'."}], "calls": ["ReactDOM.createRoot", "root.render", "React.StrictMode", "App"], "search-terms": ["index.js", "React", "ReactDOM", "createRoot", "StrictMode", "App component"], "state": 2, "file_id": 7, "knowledge_revision": 23, "git_revision": "d75b1925f62c2b72790a1bdadbff0ed929a08696", "ctags": [{"_type": "tag", "name": "root", "path": "/home/kavia/workspace/code-generation/knowledge-base-explorer-309823-309832/frontend_app/src/index.js", "pattern": "/^const root = ReactDOM.createRoot(document.getElementById('root'));$/", "language": "JavaScript", "kind": "constant"}], "hash": "9fc5841375336fc175b49f8767a11383", "format-version": 4, "code-base-name": "frontend_app", "filename": "frontend_app/src/index.js", "revision_history": [{"23": "d75b1925f62c2b72790a1bdadbff0ed929a08696"}]}