{"is_source_file": false, "format": "", "description": "", "external_files": [], "external_methods": [], "published": [], "classes": [], "methods": [], "calls": [], "search-terms": ["CSS Variables", "theme management", "dark mode", "responsive design", "CSS media queries"], "state": 2, "file_id": 8, "knowledge_revision": 16, "git_revision": "d75b1925f62c2b72790a1bdadbff0ed929a08696", "hash": "22f9e17cc1848b56dbb244518ac2707e", "format-version": 4, "code-base-name": "frontend_app", "filename": "frontend_app/src/App.css", "revision_history": [{"16": "d75b1925f62c2b72790a1bdadbff0ed929a08696"}]}