{"is_source_file": true, "format": "JavaScript (Jest test setup file)", "description": "This file sets up custom matchers for the Jest testing framework, specifically for testing DOM nodes in React applications. It imports the '@testing-library/jest-dom' library to extend Jest's assertion capabilities.", "external_files": ["@testing-library/jest-dom"], "external_methods": ["expect", "toHaveTextContent"], "published": [], "classes": [], "methods": [], "calls": ["import '@testing-library/jest-dom'"], "search-terms": ["setupTests.js", "jest-dom", "jest matchers", "DOM nodes", "testing-library", "React testing"], "state": 2, "file_id": 10, "knowledge_revision": 24, "git_revision": "d75b1925f62c2b72790a1bdadbff0ed929a08696", "ctags": [], "hash": "1a77571e1a8cf36018a41bcedf60db75", "format-version": 4, "code-base-name": "frontend_app", "filename": "frontend_app/src/setupTests.js", "revision_history": [{"24": "d75b1925f62c2b72790a1bdadbff0ed929a08696"}]}