{"is_source_file": false, "format": "", "description": "", "external_files": [], "external_methods": [], "published": [], "classes": [], "methods": [], "calls": [], "search-terms": [], "state": 2, "file_id": 2, "knowledge_revision": 17, "git_revision": "d75b1925f62c2b72790a1bdadbff0ed929a08696", "hash": "d9d975cebe2ec20b6c652e1e4c12ccf0", "format-version": 4, "code-base-name": "frontend_app", "filename": "frontend_app/public/manifest.json", "revision_history": [{"17": "d75b1925f62c2b72790a1bdadbff0ed929a08696"}]}