{"is_source_file": false, "format": "", "description": "", "external_files": [], "external_methods": [], "published": [], "classes": [], "methods": [], "calls": [], "search-terms": [], "state": 2, "file_id": 9, "knowledge_revision": 19, "git_revision": "d75b1925f62c2b72790a1bdadbff0ed929a08696", "hash": "6c2104b8d219ed99234ae2d6329f4357", "format-version": 4, "code-base-name": "frontend_app", "filename": "frontend_app/src/index.css", "revision_history": [{"19": "d75b1925f62c2b72790a1bdadbff0ed929a08696"}]}